{"cameraMode":{"drawMode":0,"name":"Shaded","section":"Shading Mode"},"sceneLighting":false,"audioPlay":false,"sceneViewState":{"showFog":true,"showMaterialUpdate":false,"showSkybox":false,"showFlares":true,"showImageEffects":true,"showParticleSystems":true},"in2DMode":false,"pivot":{"x":-0.008045196533203125,"y":39.880001068115237,"z":-1.3300000429153443},"rotation":{"x":-0.00005769376002717763,"y":0.9989070296287537,"z":-0.0467921644449234,"w":-0.0011974864173680544},"size":10.0,"orthographic":false}