{"cameraMode":{"drawMode":0,"name":"Shaded","section":"Shading Mode"},"sceneLighting":false,"audioPlay":false,"sceneViewState":{"showFog":true,"showMaterialUpdate":false,"showSkybox":false,"showFlares":true,"showImageEffects":true,"showParticleSystems":true},"in2DMode":false,"pivot":{"x":0.6029267311096191,"y":0.689207911491394,"z":0.8763313293457031},"rotation":{"x":-0.18076783418655396,"y":-0.5986380577087402,"z":0.14099738001823426,"w":-0.7675230503082275},"size":1.7660253047943116,"orthographic":false}